{
    "accuracy": 0.9527921704087507,
    "precision": 0.9513002380109479,
    "recall": 0.9527921704087507,
    "f1_score": 0.9515353360493836
}
